"rental_date","return_date","full_name"
"2005-05-25 01:59:46","2005-05-26 01:01:46","Craig Morrell"
"2005-05-25 04:06:21","2005-05-25 23:55:21","Joy George"
"2005-05-25 06:49:10","2005-05-26 06:42:10","Mabel Holland"
"2005-05-25 19:27:51","2005-05-26 16:23:51","Carol Garcia"
"2005-05-25 20:26:42","2005-05-26 19:41:42","Christine Roberts"
"2005-05-26 01:25:21","2005-05-26 21:17:21","Henry Billingsley"
"2005-05-26 03:09:30","2005-05-27 01:37:30","Bobby Boudreau"
"2005-05-26 05:47:12","2005-05-26 23:48:12","Lydia Burke"
"2005-05-26 08:01:54","2005-05-27 06:26:54","Carl Artis"
"2005-05-26 08:10:22","2005-05-27 03:55:22","Naomi Jennings"
"2005-05-26 11:31:59","2005-05-27 07:27:59","Bruce Schwarz"
"2005-05-26 11:38:05","2005-05-27 08:42:05","Mabel Holland"
"2005-05-26 12:30:22","2005-05-27 06:49:22","Stacey Montgomery"
"2005-05-26 13:46:59","2005-05-27 09:58:59","Veronica Stone"
"2005-05-26 14:30:24","2005-05-27 08:50:24","Mathew Bolin"
"2005-05-26 14:43:14","2005-05-27 12:21:14","Jeffery Pinson"
"2005-05-26 14:52:15","2005-05-27 12:45:15","Grace Ellis"
"2005-05-26 16:00:49","2005-05-27 10:12:49","Vickie Brewer"
"2005-05-26 16:08:05","2005-05-27 10:55:05","Hilda Hopkins"
"2005-05-26 16:19:08","2005-05-27 14:35:08","Tammy Sanders"
"2005-05-26 16:19:46","2005-05-27 15:59:46","Jason Morrissey"
"2005-05-26 18:49:35","2005-05-27 18:11:35","Andy Vanhorn"
"2005-05-26 20:33:20","2005-05-27 18:23:20","Rose Howard"
"2005-05-26 20:48:48","2005-05-27 19:52:48","Ann Evans"
"2005-05-27 11:18:25","2005-05-28 07:10:25","Vickie Brewer"
"2005-05-27 13:57:39","2005-05-28 11:57:39","Sara Perry"
"2005-05-27 20:02:03","2005-05-28 16:14:03","Marlene Welch"
"2005-05-27 22:16:26","2005-05-28 19:58:26","Jill Hawkins"
"2005-05-27 23:00:25","2005-05-28 21:30:25","Amy Lopez"
"2005-05-27 23:40:52","2005-05-28 22:40:52","Dawn Sullivan"
"2005-05-27 23:51:12","2005-05-28 20:26:12","Antonio Meek"
"2005-05-28 00:00:30","2005-05-28 19:18:30","Dave Gardiner"
"2005-05-28 00:13:35","2005-05-29 00:11:35","Alma Austin"
"2005-05-28 00:24:58","2005-05-28 22:34:58","Allison Stanley"
"2005-05-28 01:35:25","2005-05-28 22:12:25","Bobbie Craig"
"2005-05-28 03:32:22","2005-05-28 22:37:22","Jeremy Hurtado"
"2005-05-28 09:12:09","2005-05-29 05:07:09","Jenny Castro"
"2005-05-28 11:33:46","2005-05-29 08:33:46","Elsie Kelley"
"2005-05-28 14:27:51","2005-05-29 13:13:51","Clinton Buford"
"2005-05-28 18:25:02","2005-05-29 18:22:02","Elsie Kelley"
"2005-05-28 20:08:47","2005-05-29 14:57:47","Christine Roberts"
"2005-05-28 21:38:39","2005-05-29 21:37:39","Glenn Pullen"
"2005-05-28 22:27:51","2005-05-29 20:36:51","Sam Mcduffie"
"2005-05-28 23:53:18","2005-05-29 19:14:18","Eleanor Hunt"
"2005-05-29 02:27:30","2005-05-30 01:52:30","Pedro Chestnut"
"2005-05-29 03:18:19","2005-05-30 02:45:19","Mattie Hoffman"
"2005-05-29 04:02:24","2005-05-30 03:09:24","Donald Mahon"
"2005-05-29 07:25:16","2005-05-30 05:21:16","Elizabeth Brown"
"2005-05-29 13:23:26","2005-05-30 07:53:26","Sheila Wells"
"2005-05-29 17:28:12","2005-05-30 14:59:12","Greg Robins"
"2005-05-29 17:52:30","2005-05-30 14:35:30","Amy Lopez"
"2005-05-29 20:00:30","2005-05-30 19:43:30","Arlene Harvey"
"2005-05-29 22:14:55","2005-05-30 17:22:55","Agnes Bishop"
"2005-05-29 23:24:30","2005-05-30 22:00:30","Sara Perry"
"2005-05-30 04:19:55","2005-05-31 02:28:55","Cynthia Young"
"2005-05-30 10:58:33","2005-05-31 09:31:33","Shawn Heaton"
"2005-05-30 11:25:01","2005-05-31 09:06:01","Jennifer Davis"
"2005-05-30 11:32:24","2005-05-31 07:55:24","Sue Peters"
"2005-05-30 12:55:36","2005-05-31 10:30:36","Elsie Kelley"
"2005-05-30 16:59:03","2005-05-31 11:58:03","Robert Baughman"
"2005-05-30 19:00:14","2005-05-31 17:10:14","Brett Cornwell"
"2005-05-30 19:20:03","2005-05-31 18:17:03","Morris Mccarter"
"2005-05-31 00:06:20","2005-05-31 21:29:20","Eric Robert"
"2005-05-31 05:53:00","2005-06-01 05:24:00","Leslie Seward"
"2005-05-31 09:12:13","2005-06-01 06:15:13","Amy Lopez"
"2005-05-31 14:36:52","2005-06-01 14:33:52","Edna West"
"2005-05-31 17:23:44","2005-06-01 15:02:44","Claudia Fuller"
"2005-05-31 19:15:11","2005-06-01 14:44:11","Thelma Murray"
"2005-06-14 23:17:03","2005-06-15 20:43:03","Catherine Campbell"
"2005-06-15 03:14:05","2005-06-15 21:41:05","Norma Gonzales"
"2005-06-15 04:04:09","2005-06-16 02:21:09","Clifford Bowens"
"2005-06-15 06:13:45","2005-06-16 03:59:45","Karl Seal"
"2005-06-15 11:37:08","2005-06-16 10:13:08","Daniel Cabral"
"2005-06-15 12:43:43","2005-06-16 09:55:43","Yolanda Weaver"
"2005-06-15 14:29:14","2005-06-16 13:01:14","Bessie Morrison"
"2005-06-15 16:28:42","2005-06-16 12:11:42","Cory Meehan"
"2005-06-15 18:17:28","2005-06-16 15:47:28","Robin Hayes"
"2005-06-15 18:24:55","2005-06-16 12:26:55","Kristen Chavez"
"2005-06-15 18:30:00","2005-06-16 15:14:00","Bonnie Hughes"
"2005-06-15 19:22:08","2005-06-16 17:53:08","Nina Soto"
"2005-06-15 19:32:52","2005-06-16 13:45:52","Lydia Burke"
"2005-06-15 20:27:02","2005-06-16 16:21:02","Jaime Nettles"
"2005-06-15 21:18:16","2005-06-16 17:07:16","Mildred Bailey"
"2005-06-15 21:25:30","2005-06-16 16:36:30","Joan Cooper"
"2005-06-15 21:39:54","2005-06-16 20:33:54","Terry Grissom"
"2005-06-15 23:36:37","2005-06-16 18:24:37","Tanya Gilbert"
"2005-06-16 02:28:35","2005-06-16 22:11:35","Alexander Fennell"
"2005-06-16 03:13:09","2005-06-16 22:42:09","Leslie Seward"
"2005-06-16 06:14:03","2005-06-17 06:04:03","Johnny Turpin"
"2005-06-16 06:14:25","2005-06-17 03:53:25","Kay Caldwell"
"2005-06-16 07:48:50","2005-06-17 03:53:50","Eugene Culpepper"
"2005-06-16 07:48:57","2005-06-17 05:52:57","George Linton"
"2005-06-16 08:03:42","2005-06-17 03:40:42","Ronald Weiner"
"2005-06-16 08:16:05","2005-06-17 04:49:05","Josephine Gomez"
"2005-06-16 08:35:39","2005-06-17 05:37:39","Jacqueline Long"
"2005-06-16 13:05:09","2005-06-17 09:53:09","Shirley Allen"
"2005-06-16 13:28:44","2005-06-17 11:03:44","Tracy Herrmann"
"2005-06-16 15:21:47","2005-06-17 14:12:47","Bill Gavin"
"2005-06-16 16:38:10","2005-06-17 13:13:10","Myrtle Fleming"
"2005-06-16 17:00:14","2005-06-17 12:12:14","Shannon Freeman"
"2005-06-16 17:18:44","2005-06-17 16:54:44","Edith Mcdonald"
"2005-06-16 19:58:40","2005-06-17 19:31:40","Veronica Stone"
"2005-06-16 20:36:00","2005-06-17 16:27:00","Lucy Wheeler"
"2005-06-16 21:16:07","2005-06-17 16:37:07","Sara Perry"
"2005-06-16 21:43:45","2005-06-17 21:37:45","Jacqueline Long"
"2005-06-17 02:24:36","2005-06-17 23:04:36","Jeanette Greene"
"2005-06-17 03:09:56","2005-06-18 01:49:56","Emma Boyd"
"2005-06-17 04:45:41","2005-06-17 23:56:41","Wanda Patterson"
"2005-06-17 06:13:34","2005-06-18 01:51:34","Jacqueline Long"
"2005-06-17 11:48:31","2005-06-18 09:34:31","Sherry Marshall"
"2005-06-17 15:07:30","2005-06-18 14:43:30","Nelson Christenson"
"2005-06-17 20:16:12","2005-06-18 17:03:12","Kimberly Lee"
"2005-06-17 20:48:30","2005-06-18 19:17:30","Julio Noland"
"2005-06-17 20:54:48","2005-06-18 16:28:48","Brittany Riley"
"2005-06-17 22:10:36","2005-06-18 21:07:36","Craig Morrell"
"2005-06-18 01:50:27","2005-06-19 01:31:27","Gladys Hamilton"
"2005-06-18 02:44:37","2005-06-18 23:37:37","Brandon Huey"
"2005-06-18 03:13:13","2005-06-18 21:16:13","June Carroll"
"2005-06-18 03:33:58","2005-06-18 22:10:58","Suzanne Nichols"
"2005-06-18 05:58:45","2005-06-19 00:57:45","Marlene Welch"
"2005-06-18 06:35:03","2005-06-19 01:26:03","Pearl Garza"
"2005-06-18 06:56:06","2005-06-19 05:11:06","Edgar Rhoads"
"2005-06-18 11:24:54","2005-06-19 07:34:54","Steven Curley"
"2005-06-18 12:01:47","2005-06-19 11:56:47","Gene Sanborn"
"2005-06-18 12:25:14","2005-06-19 11:24:14","Charlie Bess"
"2005-06-18 13:31:15","2005-06-19 12:35:15","Franklin Troutman"
"2005-06-18 16:22:03","2005-06-19 13:49:03","Willie Markham"
"2005-06-18 17:47:34","2005-06-19 14:39:34","Heidi Larson"
"2005-06-18 18:34:21","2005-06-19 16:50:21","Brenda Wright"
"2005-06-18 20:42:45","2005-06-19 20:17:45","Bessie Morrison"
"2005-06-18 21:10:44","2005-06-19 20:39:44","Thelma Murray"
"2005-06-19 01:58:39","2005-06-19 22:17:39","Cory Meehan"
"2005-06-19 04:04:46","2005-06-19 23:39:46","Tyler Wren"
"2005-06-19 05:53:46","2005-06-20 05:14:46","Dale Ratcliff"
"2005-06-19 08:53:10","2005-06-20 07:56:10","Nicole Peterson"
"2005-06-19 11:47:59","2005-06-20 08:09:59","Perry Swafford"
"2005-06-19 13:29:11","2005-06-20 07:31:11","Jacob Lance"
"2005-06-19 13:54:30","2005-06-20 12:31:30","Wallace Slone"
"2005-06-19 14:50:19","2005-06-20 14:33:19","Joshua Mark"
"2005-06-19 14:55:23","2005-06-20 14:28:23","Olga Jimenez"
"2005-06-19 15:36:27","2005-06-20 13:44:27","Rosemary Schmidt"
"2005-06-19 16:37:24","2005-06-20 13:55:24","Sue Peters"
"2005-06-19 18:16:26","2005-06-20 13:43:26","Joy George"
"2005-06-19 19:44:12","2005-06-20 19:41:12","Kelly Torres"
"2005-06-19 20:50:01","2005-06-20 18:54:01","Sarah Lewis"
"2005-06-19 22:03:50","2005-06-20 21:24:50","Billy Poulin"
"2005-06-19 23:18:42","2005-06-20 22:38:42","Joanne Robertson"
"2005-06-20 00:01:36","2005-06-20 21:39:36","Marie Turner"
"2005-06-20 03:15:09","2005-06-20 21:56:09","Lucy Wheeler"
"2005-06-20 04:20:14","2005-06-21 01:13:14","Esther Crawford"
"2005-06-20 05:50:40","2005-06-21 00:42:40","Gina Williamson"
"2005-06-20 08:06:18","2005-06-21 08:01:18","Catherine Campbell"
"2005-06-20 11:50:52","2005-06-21 11:05:52","Gwendolyn May"
"2005-06-20 12:28:03","2005-06-21 08:21:03","Eddie Tomlin"
"2005-06-20 12:32:30","2005-06-21 07:38:30","Holly Fox"
"2005-06-20 12:34:13","2005-06-21 12:33:13","Lauren Hudson"
"2005-06-20 13:38:41","2005-06-21 10:13:41","Nora Herrera"
"2005-06-20 15:13:40","2005-06-21 12:03:40","Juan Fraley"
"2005-06-20 17:11:46","2005-06-21 11:48:46","Phillip Holm"
"2005-06-20 18:04:55","2005-06-21 12:12:55","Tracy Cole"
"2005-06-20 18:31:58","2005-06-21 15:03:58","Victor Barkley"
"2005-06-20 20:34:55","2005-06-21 18:51:55","Doris Reed"
"2005-06-20 21:21:01","2005-06-21 18:22:01","Louis Leone"
"2005-06-20 22:48:44","2005-06-21 21:25:44","Lauren Hudson"
"2005-06-20 22:52:18","2005-06-21 21:00:18","Helen Harris"
"2005-06-21 00:02:10","2005-06-21 23:11:10","Lorraine Stephens"
"2005-06-21 00:38:47","2005-06-21 22:49:47","Brenda Wright"
"2005-06-21 02:23:16","2005-06-22 01:37:16","Louise Jenkins"
"2005-06-21 05:41:30","2005-06-22 03:43:30","Dwayne Olvera"
"2005-06-21 08:04:51","2005-06-22 04:20:51","Johnny Turpin"
"2005-06-21 08:05:27","2005-06-22 06:51:27","Gabriel Harder"
"2005-06-21 08:17:00","2005-06-22 06:00:00","Roberta Harper"
"2005-06-21 10:14:27","2005-06-22 09:29:27","Audrey Ray"
"2005-06-21 11:55:42","2005-06-22 07:19:42","Evelyn Morgan"
"2005-06-21 13:37:18","2005-06-22 11:26:18","Dianne Shelton"
"2005-06-21 16:17:38","2005-06-22 14:16:38","Frederick Isbell"
"2005-06-21 17:18:01","2005-06-22 15:08:01","Laura Rodriguez"
"2005-06-21 18:31:09","2005-06-22 14:18:09","Ian Still"
"2005-06-21 18:39:34","2005-06-22 18:23:34","Amanda Carter"
"2005-06-21 18:46:08","2005-06-22 13:49:08","Angel Barclay"
"2005-06-21 22:00:00","2005-06-22 19:22:00","Diana Alexander"
"2005-07-06 01:13:27","2005-07-06 23:45:27","Vicki Fields"
"2005-07-06 02:17:54","2005-07-07 00:19:54","Eduardo Hiatt"
"2005-07-06 02:24:55","2005-07-06 21:40:55","Ruth Martinez"
"2005-07-06 02:46:13","2005-07-06 22:08:13","Priscilla Lowe"
"2005-07-06 06:05:23","2005-07-07 05:59:23","Marilyn Ross"
"2005-07-06 06:19:43","2005-07-07 02:23:43","Marion Ocampo"
"2005-07-06 10:46:15","2005-07-07 09:25:15","Tammy Sanders"
"2005-07-06 12:10:51","2005-07-07 11:36:51","Kyle Spurlock"
"2005-07-06 14:45:22","2005-07-07 11:01:22","Allison Stanley"
"2005-07-06 14:57:53","2005-07-07 10:48:53","Zachary Hite"
"2005-07-06 15:08:42","2005-07-07 14:34:42","Jeff East"
"2005-07-06 16:59:20","2005-07-07 12:30:20","Clinton Buford"
"2005-07-06 17:07:54","2005-07-07 13:28:54","Marcia Dean"
"2005-07-06 18:00:19","2005-07-07 17:26:19","Duane Tubbs"
"2005-07-06 18:46:34","2005-07-07 13:15:34","Darryl Ashcraft"
"2005-07-06 21:06:17","2005-07-07 19:25:17","Sam Mcduffie"
"2005-07-06 21:16:59","2005-07-07 19:17:59","Victoria Gibson"
"2005-07-06 22:23:02","2005-07-07 22:21:02","Melissa King"
"2005-07-06 23:00:20","2005-07-07 21:51:20","Frank Waggoner"
"2005-07-07 02:13:24","2005-07-08 00:47:24","Grace Ellis"
"2005-07-07 02:48:00","2005-07-07 22:46:00","Jimmy Schrader"
"2005-07-07 04:37:09","2005-07-08 04:19:09","Tyler Wren"
"2005-07-07 05:47:33","2005-07-08 04:25:33","Kelly Torres"
"2005-07-07 07:53:18","2005-07-08 04:48:18","Jean Bell"
"2005-07-07 08:43:22","2005-07-08 05:21:22","Melanie Armstrong"
"2005-07-07 11:54:33","2005-07-08 10:49:33","Roberto Vu"
"2005-07-07 12:01:34","2005-07-08 09:59:34","Alvin Deloach"
"2005-07-07 14:25:28","2005-07-08 08:49:28","Nathan Runyon"
"2005-07-07 14:34:50","2005-07-08 09:23:50","Raul Fortier"
"2005-07-07 15:01:53","2005-07-08 09:43:53","Gregory Mauldin"
"2005-07-07 15:17:50","2005-07-08 11:42:50","Kevin Schuler"
"2005-07-07 17:07:11","2005-07-08 16:15:11","Marlene Welch"
"2005-07-07 18:32:04","2005-07-08 16:19:04","Ella Oliver"
"2005-07-07 18:41:42","2005-07-08 13:00:42","Charlotte Hunter"
"2005-07-07 20:06:45","2005-07-08 18:50:45","Ruby Washington"
"2005-07-07 21:28:46","2005-07-08 17:04:46","Jessica Hall"
"2005-07-07 23:00:58","2005-07-08 21:31:58","Edgar Rhoads"
"2005-07-07 23:43:46","2005-07-08 21:34:46","Edgar Rhoads"
"2005-07-08 00:07:18","2005-07-08 22:14:18","Marshall Thorn"
"2005-07-08 00:34:25","2005-07-08 22:55:25","Dianne Shelton"
"2005-07-08 01:26:32","2005-07-09 01:13:32","Geraldine Perkins"
"2005-07-08 01:44:19","2005-07-08 20:34:19","Willard Lumpkin"
"2005-07-08 02:53:46","2005-07-08 22:27:46","Rita Graham"
"2005-07-08 04:20:19","2005-07-09 00:28:19","Irma Pearson"
"2005-07-08 05:39:42","2005-07-08 23:44:42","Marsha Douglas"
"2005-07-08 07:44:49","2005-07-09 04:47:49","Virgil Wofford"
"2005-07-08 08:14:26","2005-07-09 03:45:26","Jorge Olivares"
"2005-07-08 09:20:09","2005-07-09 06:07:09","Bryan Hardison"
"2005-07-08 09:51:02","2005-07-09 09:29:02","Teresa Rogers"
"2005-07-08 11:04:53","2005-07-09 07:48:53","Ellen Simpson"
"2005-07-08 12:34:34","2005-07-09 10:28:34","Tom Milner"
"2005-07-08 12:42:27","2005-07-09 09:14:27","Seth Hannon"
"2005-07-08 14:18:41","2005-07-09 10:00:41","Clarence Gamez"
"2005-07-08 15:28:20","2005-07-09 11:46:20","Maurice Crawley"
"2005-07-08 16:32:54","2005-07-09 14:15:54","Gilbert Sledge"
"2005-07-08 16:39:05","2005-07-09 11:41:05","Jennie Terry"
"2005-07-08 16:59:12","2005-07-09 15:02:12","Calvin Martel"
"2005-07-08 17:04:06","2005-07-09 13:41:06","Tonya Chapman"
"2005-07-08 18:28:20","2005-07-09 14:38:20","Max Pitt"
"2005-07-08 19:34:55","2005-07-09 15:53:55","Alma Austin"
"2005-07-08 19:40:34","2005-07-09 17:08:34","Joe Gilliland"
"2005-07-08 19:53:22","2005-07-09 17:05:22","Dustin Gillette"
"2005-07-08 20:25:11","2005-07-09 17:16:11","Myrtle Fleming"
"2005-07-08 21:32:30","2005-07-09 15:34:30","Rita Graham"
"2005-07-08 22:58:07","2005-07-09 20:41:07","Eleanor Hunt"
"2005-07-08 23:00:07","2005-07-09 21:47:07","Betty White"
"2005-07-08 23:18:48","2005-07-09 23:13:48","Danny Isom"
"2005-07-08 23:46:38","2005-07-09 22:19:38","Jon Wiles"
"2005-07-09 00:44:33","2005-07-09 19:45:33","Tracy Herrmann"
"2005-07-09 00:54:13","2005-07-09 21:02:13","Marian Mendoza"
"2005-07-09 01:20:50","2005-07-09 19:56:50","Victor Barkley"
"2005-07-09 01:57:57","2005-07-09 22:07:57","Elizabeth Brown"
"2005-07-09 02:07:56","2005-07-09 23:59:56","Jaime Nettles"
"2005-07-09 03:54:38","2005-07-10 02:23:38","Jerry Jordon"
"2005-07-09 03:59:46","2005-07-09 23:53:46","Daisy Bates"
"2005-07-09 04:58:26","2005-07-09 23:00:26","Dale Ratcliff"
"2005-07-09 05:00:39","2005-07-09 23:08:39","Nancy Thomas"
"2005-07-09 05:28:38","2005-07-10 02:46:38","Gordon Allard"
"2005-07-09 05:44:28","2005-07-10 02:25:28","Johnny Turpin"
"2005-07-09 05:52:54","2005-07-10 02:49:54","Valerie Black"
"2005-07-09 06:09:51","2005-07-10 03:55:51","Douglas Graf"
"2005-07-09 06:13:54","2005-07-10 04:27:54","Nathan Runyon"
"2005-07-09 06:34:40","2005-07-10 03:44:40","Jimmy Schrader"
"2005-07-09 07:02:19","2005-07-10 06:27:19","Nancy Thomas"
"2005-07-09 07:35:03","2005-07-10 06:05:03","Sally Pierce"
"2005-07-09 08:13:25","2005-07-10 03:56:25","Rosemary Schmidt"
"2005-07-09 08:31:03","2005-07-10 08:18:03","Allison Stanley"
"2005-07-09 08:34:44","2005-07-10 05:26:44","Eric Robert"
"2005-07-09 08:55:52","2005-07-10 04:32:52","Gina Williamson"
"2005-07-09 09:22:25","2005-07-10 03:48:25","Victoria Gibson"
"2005-07-09 10:50:56","2005-07-10 06:43:56","Carolyn Perez"
"2005-07-09 11:16:56","2005-07-10 07:21:56","Jordan Archuleta"
"2005-07-09 12:35:02","2005-07-10 09:22:02","Leonard Schofield"
"2005-07-09 13:11:14","2005-07-10 07:27:14","Robin Hayes"
"2005-07-09 15:25:06","2005-07-10 12:40:06","Jacqueline Long"
"2005-07-09 16:35:47","2005-07-10 11:52:47","Lester Kraus"
"2005-07-09 16:59:23","2005-07-10 16:01:23","Alberto Henning"
"2005-07-09 17:27:05","2005-07-10 15:51:05","Sue Peters"
"2005-07-09 18:14:03","2005-07-10 15:17:03","Wallace Slone"
"2005-07-09 18:24:48","2005-07-10 12:30:48","Brandon Huey"
"2005-07-09 18:48:57","2005-07-10 16:34:57","Herbert Kruger"
"2005-07-09 19:05:56","2005-07-10 18:03:56","Hazel Warren"
"2005-07-09 19:08:03","2005-07-10 17:58:03","Pedro Chestnut"
"2005-07-09 19:42:37","2005-07-10 15:39:37","Monica Hicks"
"2005-07-09 19:52:44","2005-07-10 18:31:44","Kelly Torres"
"2005-07-09 20:01:58","2005-07-10 14:07:58","Carlos Coughlin"
"2005-07-09 20:28:42","2005-07-10 19:23:42","Sally Pierce"
"2005-07-09 20:49:12","2005-07-10 16:30:12","Anna Hill"
"2005-07-09 21:21:11","2005-07-10 21:16:11","Gina Williamson"
"2005-07-09 21:22:00","2005-07-10 21:18:00","Joe Gilliland"
"2005-07-09 22:48:04","2005-07-10 17:56:04","Viola Hanson"
"2005-07-09 23:03:21","2005-07-10 20:11:21","Maurice Crawley"
"2005-07-09 23:16:40","2005-07-10 18:43:40","Lorraine Stephens"
"2005-07-10 00:01:50","2005-07-10 20:43:50","Peter Menard"
"2005-07-10 02:19:28","2005-07-11 01:37:28","Leah Curtis"
"2005-07-10 03:08:55","2005-07-11 01:36:55","Rachel Barnes"
"2005-07-10 03:48:20","2005-07-11 02:09:20","Irene Price"
"2005-07-10 04:22:58","2005-07-10 23:13:58","Ramona Hale"
"2005-07-10 04:56:55","2005-07-11 00:14:55","Chester Benner"
"2005-07-10 05:08:26","2005-07-10 23:24:26","Ernest Stepp"
"2005-07-10 06:22:24","2005-07-11 05:59:24","Corey Hauser"
"2005-07-10 08:10:08","2005-07-11 05:22:08","Glenn Pullen"
"2005-07-10 08:12:53","2005-07-11 05:48:53","Matthew Mahan"
"2005-07-10 08:18:22","2005-07-11 07:03:22","Nina Soto"
"2005-07-10 08:21:54","2005-07-11 05:54:54","Edith Mcdonald"
"2005-07-10 11:25:28","2005-07-11 11:03:28","Guy Brownlee"
"2005-07-10 13:17:58","2005-07-11 11:32:58","Debbie Reyes"
"2005-07-10 13:21:28","2005-07-11 08:59:28","Kathy James"
"2005-07-10 13:49:30","2005-07-11 12:11:30","Sally Pierce"
"2005-07-10 15:16:30","2005-07-11 14:02:30","Robert Baughman"
"2005-07-10 16:19:52","2005-07-11 12:33:52","Vernon Chapa"
"2005-07-10 16:34:02","2005-07-11 14:27:02","Christine Roberts"
"2005-07-10 17:04:56","2005-07-11 15:15:56","Carla Gutierrez"
"2005-07-10 17:57:32","2005-07-11 13:57:32","George Linton"
"2005-07-10 19:20:34","2005-07-11 18:39:34","Ronald Weiner"
"2005-07-10 20:39:04","2005-07-11 17:41:04","Byron Box"
"2005-07-10 21:59:32","2005-07-11 18:40:32","Maxine Silva"
"2005-07-10 22:52:42","2005-07-11 21:52:42","Jeremy Hurtado"
"2005-07-10 23:38:34","2005-07-11 19:21:34","Minnie Romero"
"2005-07-10 23:51:52","2005-07-11 23:29:52","Roger Quintanilla"
"2005-07-11 01:14:10","2005-07-12 00:42:10","Daisy Bates"
"2005-07-11 01:24:44","2005-07-11 22:55:44","Janet Phillips"
"2005-07-11 02:18:13","2005-07-11 23:30:13","Cindy Fisher"
"2005-07-11 03:46:41","2005-07-11 22:36:41","Ricky Shelby"
"2005-07-11 04:06:17","2005-07-12 03:05:17","Harold Martino"
"2005-07-11 04:06:25","2005-07-11 23:11:25","Sean Douglass"
"2005-07-11 05:03:03","2005-07-12 01:28:03","Felicia Sutton"
"2005-07-11 08:02:32","2005-07-12 05:58:32","Harry Arce"
"2005-07-11 09:14:22","2005-07-12 08:01:22","Curtis Irby"
"2005-07-11 09:25:17","2005-07-12 05:11:17","Derrick Bourque"
"2005-07-11 12:09:51","2005-07-12 06:15:51","Enrique Forsythe"
"2005-07-11 12:18:07","2005-07-12 12:11:07","Everett Banda"
"2005-07-11 12:52:36","2005-07-12 08:33:36","Shawn Heaton"
"2005-07-11 15:42:35","2005-07-12 11:29:35","Jaime Nettles"
"2005-07-11 15:43:51","2005-07-12 12:51:51","Dan Paine"
"2005-07-11 17:00:04","2005-07-12 13:16:04","Phyllis Foster"
"2005-07-11 17:06:39","2005-07-12 15:54:39","Emily Diaz"
"2005-07-11 17:23:33","2005-07-12 16:27:33","Rafael Abney"
"2005-07-11 18:48:22","2005-07-12 13:39:22","Francis Sikes"
"2005-07-11 18:50:45","2005-07-12 15:26:45","Lillie Kim"
"2005-07-11 19:51:35","2005-07-12 19:13:35","Joanne Robertson"
"2005-07-11 20:58:51","2005-07-12 15:06:51","Mattie Hoffman"
"2005-07-11 22:44:34","2005-07-12 22:18:34","Virginia Green"
"2005-07-12 00:20:29","2005-07-12 22:26:29","Terry Grissom"
"2005-07-12 01:37:48","2005-07-12 20:21:48","Cynthia Young"
"2005-07-12 01:59:20","2005-07-12 22:22:20","Hilda Hopkins"
"2005-07-12 03:11:23","2005-07-13 00:51:23","Clifton Malcolm"
"2005-07-12 04:38:32","2005-07-13 03:54:32","Arlene Harvey"
"2005-07-12 04:53:49","2005-07-13 01:48:49","Willie Markham"
"2005-07-12 05:10:16","2005-07-13 04:16:16","Ivan Cromwell"
"2005-07-12 05:39:50","2005-07-13 01:07:50","Virginia Green"
"2005-07-12 07:32:59","2005-07-13 02:47:59","Rodney Moeller"
"2005-07-12 09:04:11","2005-07-13 04:27:11","Timothy Bunn"
"2005-07-12 09:37:18","2005-07-13 09:28:18","Diane Collins"
"2005-07-12 09:58:02","2005-07-13 09:40:02","Wanda Patterson"
"2005-07-12 11:49:16","2005-07-13 07:03:16","Alexander Fennell"
"2005-07-12 11:53:06","2005-07-13 06:09:06","Harvey Guajardo"
"2005-07-12 12:47:59","2005-07-13 10:28:59","Alex Gresham"
"2005-07-12 12:48:03","2005-07-13 11:55:03","Joann Gardner"
"2005-07-12 12:53:11","2005-07-13 07:17:11","Roy Whiting"
"2005-07-12 14:29:25","2005-07-13 13:13:25","Deanna Byrd"
"2005-07-12 14:30:51","2005-07-13 13:42:51","Jared Ely"
"2005-07-12 14:33:21","2005-07-13 09:59:21","Ellen Simpson"
"2005-07-12 15:08:28","2005-07-13 14:25:28","Jamie Waugh"
"2005-07-12 16:27:56","2005-07-13 12:11:56","Leslie Seward"
"2005-07-12 19:53:30","2005-07-13 15:22:30","Alma Austin"
"2005-07-12 19:56:52","2005-07-13 16:02:52","Louise Jenkins"
"2005-07-12 20:12:06","2005-07-13 18:37:06","Billie Horton"
"2005-07-26 23:13:10","2005-07-27 18:09:10","Ricky Shelby"
"2005-07-26 23:15:50","2005-07-27 19:14:50","Terrance Roush"
"2005-07-26 23:43:49","2005-07-27 21:24:49","Allison Stanley"
"2005-07-27 00:07:51","2005-07-27 20:45:51","Tom Milner"
"2005-07-27 03:03:25","2005-07-28 01:57:25","Albert Crouse"
"2005-07-27 04:06:24","2005-07-28 02:04:24","Lorraine Stephens"
"2005-07-27 05:30:48","2005-07-28 01:43:48","Darlene Rose"
"2005-07-27 06:18:01","2005-07-28 02:38:01","Bessie Morrison"
"2005-07-27 06:33:06","2005-07-28 06:15:06","Julian Vest"
"2005-07-27 06:34:32","2005-07-28 03:01:32","Bernice Willis"
"2005-07-27 06:55:39","2005-07-28 01:41:39","Earl Shanks"
"2005-07-27 07:16:17","2005-07-28 04:04:17","Gabriel Harder"
"2005-07-27 07:58:26","2005-07-28 02:30:26","Eva Ramos"
"2005-07-27 07:59:24","2005-07-28 02:23:24","Terrance Roush"
"2005-07-27 08:14:34","2005-07-28 03:09:34","Charlotte Hunter"
"2005-07-27 08:32:08","2005-07-28 08:02:08","Lena Jensen"
"2005-07-27 09:19:05","2005-07-28 04:35:05","June Carroll"
"2005-07-27 09:38:43","2005-07-28 06:25:43","Terri Vasquez"
"2005-07-27 10:04:19","2005-07-28 09:43:19","Charles Kowalski"
"2005-07-27 10:25:49","2005-07-28 05:30:49","Justin Ngo"
"2005-07-27 10:48:50","2005-07-28 10:34:50","Velma Lucas"
"2005-07-27 11:15:01","2005-07-28 09:42:01","Bernice Willis"
"2005-07-27 13:19:03","2005-07-28 07:43:03","Grace Ellis"
"2005-07-27 14:11:45","2005-07-28 11:00:45","Catherine Campbell"
"2005-07-27 14:23:55","2005-07-28 14:11:55","Gene Sanborn"
"2005-07-27 14:38:29","2005-07-28 14:24:29","Frederick Isbell"
"2005-07-27 15:43:15","2005-07-28 11:18:15","Gabriel Harder"
"2005-07-27 15:49:46","2005-07-28 13:50:46","Gloria Cook"
"2005-07-27 17:49:16","2005-07-28 15:05:16","Jamie Waugh"
"2005-07-27 19:32:45","2005-07-28 15:11:45","Jean Bell"
"2005-07-27 20:19:08","2005-07-28 18:32:08","William Satterfield"
"2005-07-27 21:02:02","2005-07-28 18:18:02","Jeanette Greene"
"2005-07-27 21:11:23","2005-07-28 16:37:23","Curtis Irby"
"2005-07-27 22:17:17","2005-07-28 19:17:17","Melanie Armstrong"
"2005-07-27 23:24:24","2005-07-28 19:53:24","Beverly Brooks"
"2005-07-27 23:38:46","2005-07-28 22:52:46","Wanda Patterson"
"2005-07-28 00:08:36","2005-07-28 18:13:36","Sally Pierce"
"2005-07-28 00:11:47","2005-07-28 18:35:47","Alvin Deloach"
"2005-07-28 01:13:26","2005-07-28 20:34:26","Bernice Willis"
"2005-07-28 01:14:36","2005-07-29 00:19:36","Tommy Collazo"
"2005-07-28 01:37:26","2005-07-28 21:18:26","Brian Wyman"
"2005-07-28 01:58:30","2005-07-28 23:32:30","Constance Reid"
"2005-07-28 02:44:07","2005-07-29 00:54:07","Vernon Chapa"
"2005-07-28 03:26:21","2005-07-29 00:08:21","Danielle Daniels"
"2005-07-28 04:07:47","2005-07-29 02:02:47","Constance Reid"
"2005-07-28 05:01:18","2005-07-29 02:22:18","Marvin Yee"
"2005-07-28 06:10:55","2005-07-29 02:46:55","Hazel Warren"
"2005-07-28 07:04:42","2005-07-29 01:57:42","Becky Miles"
"2005-07-28 07:18:26","2005-07-29 03:00:26","Delores Hansen"
"2005-07-28 07:50:59","2005-07-29 07:31:59","Marc Outlaw"
"2005-07-28 09:00:21","2005-07-29 05:52:21","Guy Brownlee"
"2005-07-28 11:46:45","2005-07-29 07:19:45","Linda Williams"
"2005-07-28 12:27:27","2005-07-29 10:34:27","Sherri Rhodes"
"2005-07-28 12:38:22","2005-07-29 09:19:22","Matthew Mahan"
"2005-07-28 12:46:47","2005-07-29 06:46:47","Rodney Moeller"
"2005-07-28 14:10:06","2005-07-29 11:26:06","Walter Perryman"
"2005-07-28 14:19:59","2005-07-29 14:09:59","Kathy James"
"2005-07-28 14:23:01","2005-07-29 11:51:01","Wendy Harrison"
"2005-07-28 15:15:11","2005-07-29 14:54:11","Shane Millard"
"2005-07-28 16:17:00","2005-07-29 13:32:00","Joy George"
"2005-07-28 17:22:28","2005-07-29 12:24:28","Natalie Meyer"
"2005-07-28 17:37:28","2005-07-29 11:56:28","Katherine Rivera"
"2005-07-28 17:58:36","2005-07-29 14:48:36","Edwin Burk"
"2005-07-28 22:51:44","2005-07-29 17:13:44","Kyle Spurlock"
"2005-07-28 23:10:46","2005-07-29 18:35:46","Roberta Harper"
"2005-07-29 00:31:39","2005-07-29 19:33:39","Nelson Christenson"
"2005-07-29 01:27:22","2005-07-29 20:55:22","Jenny Castro"
"2005-07-29 03:01:24","2005-07-30 01:08:24","Gladys Hamilton"
"2005-07-29 03:37:07","2005-07-29 23:22:07","Juanita Mason"
"2005-07-29 04:52:10","2005-07-30 04:01:10","Perry Swafford"
"2005-07-29 05:10:31","2005-07-30 04:02:31","Nicholas Barfield"
"2005-07-29 05:27:40","2005-07-30 02:52:40","Beverly Brooks"
"2005-07-29 06:07:00","2005-07-30 05:32:00","Elmer Noe"
"2005-07-29 07:13:33","2005-07-30 03:14:33","Sidney Burleson"
"2005-07-29 07:42:25","2005-07-30 06:07:25","Priscilla Lowe"
"2005-07-29 07:46:29","2005-07-30 07:07:29","Amy Lopez"
"2005-07-29 09:53:33","2005-07-30 06:34:33","Emily Diaz"
"2005-07-29 10:20:19","2005-07-30 05:49:19","Carmen Owens"
"2005-07-29 10:48:24","2005-07-30 06:29:24","Timothy Bunn"
"2005-07-29 11:01:50","2005-07-30 08:19:50","Gina Williamson"
"2005-07-29 11:18:01","2005-07-30 10:47:01","Carol Garcia"
"2005-07-29 11:18:27","2005-07-30 05:21:27","Georgia Jacobs"
"2005-07-29 11:32:13","2005-07-30 08:23:13","Irma Pearson"
"2005-07-29 11:59:22","2005-07-30 11:41:22","Jo Fowler"
"2005-07-29 13:52:42","2005-07-30 11:42:42","Samuel Marlow"
"2005-07-29 15:31:33","2005-07-30 09:39:33","Nicholas Barfield"
"2005-07-29 16:31:32","2005-07-30 12:39:32","Bobby Boudreau"
"2005-07-29 18:31:15","2005-07-30 16:24:15","Darryl Ashcraft"
"2005-07-29 19:03:15","2005-07-30 17:06:15","Carole Barnett"
"2005-07-29 19:07:57","2005-07-30 16:01:57","Christina Ramirez"
"2005-07-29 19:55:34","2005-07-30 14:11:34","Terrance Roush"
"2005-07-29 20:20:16","2005-07-30 16:19:16","Jackie Lynch"
"2005-07-29 20:35:37","2005-07-30 17:22:37","Ross Grey"
"2005-07-29 20:36:26","2005-07-30 15:06:26","Carolyn Perez"
"2005-07-29 20:51:41","2005-07-30 17:30:41","Matthew Mahan"
"2005-07-29 21:25:51","2005-07-30 18:15:51","Dale Ratcliff"
"2005-07-29 22:30:16","2005-07-30 19:43:16","Fred Wheat"
"2005-07-29 22:32:54","2005-07-30 20:41:54","Kurt Emmons"
"2005-07-29 23:52:12","2005-07-30 22:12:12","Sally Pierce"
"2005-07-30 01:08:06","2005-07-30 21:47:06","Nathan Runyon"
"2005-07-30 02:09:14","2005-07-30 21:39:14","Reginald Kinder"
"2005-07-30 03:57:32","2005-07-31 00:09:32","Walter Perryman"
"2005-07-30 04:31:02","2005-07-31 04:22:02","Vickie Brewer"
"2005-07-30 05:02:21","2005-07-31 04:58:21","Rhonda Kennedy"
"2005-07-30 05:04:27","2005-07-31 00:49:27","Marion Snyder"
"2005-07-30 06:18:38","2005-07-31 01:22:38","Carol Garcia"
"2005-07-30 07:15:45","2005-07-31 02:57:45","Mike Way"
"2005-07-30 07:25:09","2005-07-31 05:18:09","Nellie Garrett"
"2005-07-30 08:02:00","2005-07-31 04:02:00","Katie Elliott"
"2005-07-30 08:23:39","2005-07-31 06:00:39","Fred Wheat"
"2005-07-30 08:38:36","2005-07-31 06:14:36","Chester Benner"
"2005-07-30 09:09:03","2005-07-31 03:13:03","Jeremy Hurtado"
"2005-07-30 09:46:36","2005-07-31 07:43:36","John Farnsworth"
"2005-07-30 10:07:20","2005-07-31 08:20:20","Evelyn Morgan"
"2005-07-30 10:11:52","2005-07-31 07:05:52","Donna Thompson"
"2005-07-30 10:51:27","2005-07-31 06:38:27","Terrence Gunderson"
"2005-07-30 11:23:22","2005-07-31 07:34:22","Carl Artis"
"2005-07-30 11:42:10","2005-07-31 09:52:10","Clara Shaw"
"2005-07-30 12:13:48","2005-07-31 11:59:48","Priscilla Lowe"
"2005-07-30 13:11:19","2005-07-31 11:27:19","Martha Gonzalez"
"2005-07-30 14:20:12","2005-07-31 11:31:12","Megan Palmer"
"2005-07-30 15:09:15","2005-07-31 10:23:15","Alexander Fennell"
"2005-07-30 16:34:57","2005-07-31 11:08:57","Doris Reed"
"2005-07-30 17:05:19","2005-07-31 12:19:19","Shawn Heaton"
"2005-07-30 18:02:25","2005-07-31 12:30:25","Ruby Washington"
"2005-07-30 18:39:28","2005-07-31 15:39:28","Ruben Geary"
"2005-07-30 20:38:05","2005-07-31 19:57:05","Laura Rodriguez"
"2005-07-30 23:22:09","2005-07-31 22:26:09","Thomas Grigsby"
"2005-07-30 23:43:32","2005-07-31 20:45:32","Donna Thompson"
"2005-07-31 00:28:30","2005-08-01 00:22:30","Edward Baugh"
"2005-07-31 01:23:00","2005-08-01 01:16:00","Shane Millard"
"2005-07-31 01:40:06","2005-08-01 01:09:06","Bruce Schwarz"
"2005-07-31 01:41:48","2005-08-01 00:49:48","Terrence Gunderson"
"2005-07-31 02:40:37","2005-08-01 01:59:37","Phillip Holm"
"2005-07-31 04:51:11","2005-07-31 23:11:11","Jaime Nettles"
"2005-07-31 06:39:45","2005-08-01 02:37:45","Naomi Jennings"
"2005-07-31 06:52:54","2005-08-01 03:40:54","Gordon Allard"
"2005-07-31 07:32:21","2005-08-01 05:07:21","Tony Carranza"
"2005-07-31 07:40:33","2005-08-01 03:50:33","Cynthia Young"
"2005-07-31 09:20:50","2005-08-01 05:34:50","Carla Gutierrez"
"2005-07-31 09:22:38","2005-08-01 08:45:38","Lillian Griffin"
"2005-07-31 09:46:29","2005-08-01 05:08:29","Ivan Cromwell"
"2005-07-31 10:00:00","2005-08-01 08:57:00","Lauren Hudson"
"2005-07-31 10:55:18","2005-08-01 07:37:18","Doris Reed"
"2005-07-31 11:06:02","2005-08-01 06:25:02","Mitchell Westmoreland"
"2005-07-31 11:22:41","2005-08-01 09:40:41","Julio Noland"
"2005-07-31 12:25:28","2005-08-01 09:51:28","Neil Renner"
"2005-07-31 13:05:03","2005-08-01 09:05:03","Duane Tubbs"
"2005-07-31 13:25:46","2005-08-01 13:12:46","Edna West"
"2005-07-31 14:04:44","2005-08-01 11:24:44","Megan Palmer"
"2005-07-31 14:07:21","2005-08-01 09:20:21","Dana Hart"
"2005-07-31 14:12:03","2005-08-01 12:27:03","Willie Markham"
"2005-07-31 14:38:12","2005-08-01 13:56:12","Rosemary Schmidt"
"2005-07-31 14:59:21","2005-08-01 12:40:21","Stephen Qualls"
"2005-07-31 15:12:13","2005-08-01 11:37:13","Arthur Simpkins"
"2005-07-31 15:18:03","2005-08-01 12:36:03","David Royal"
"2005-07-31 15:24:46","2005-08-01 10:00:46","Carmen Owens"
"2005-07-31 17:14:47","2005-08-01 12:11:47","Anne Powell"
"2005-07-31 17:30:31","2005-08-01 11:35:31","Vanessa Sims"
"2005-07-31 17:40:53","2005-08-01 14:25:53","Lance Pemberton"
"2005-07-31 18:35:54","2005-08-01 13:01:54","Matthew Mahan"
"2005-07-31 18:49:12","2005-08-01 18:02:12","Rosa Reynolds"
"2005-07-31 18:50:40","2005-08-01 18:49:40","Carmen Owens"
"2005-07-31 19:19:13","2005-08-01 16:09:13","Tanya Gilbert"
"2005-07-31 19:27:34","2005-08-01 13:45:34","Charlie Bess"
"2005-07-31 19:30:01","2005-08-01 14:45:01","Shannon Freeman"
"2005-07-31 20:09:32","2005-08-01 15:41:32","Irene Price"
"2005-07-31 20:17:09","2005-08-01 19:14:09","Erin Dunn"
"2005-07-31 21:02:14","2005-08-01 18:28:14","Jose Andrew"
"2005-07-31 21:14:31","2005-08-01 15:59:31","Tommy Collazo"
"2005-07-31 21:33:03","2005-08-01 19:10:03","Marion Snyder"
"2005-07-31 22:22:37","2005-08-01 22:20:37","Lawrence Lawton"
"2005-07-31 22:38:48","2005-08-01 21:38:48","Constance Reid"
"2005-07-31 23:12:34","2005-08-01 22:47:34","Francis Sikes"
"2005-07-31 23:49:54","2005-08-01 20:46:54","Monica Hicks"
"2005-08-01 00:27:53","2005-08-01 20:32:53","Hazel Warren"
"2005-08-01 01:04:15","2005-08-01 19:31:15","Freddie Duggan"
"2005-08-01 02:05:34","2005-08-01 23:40:34","Gordon Allard"
"2005-08-01 02:08:05","2005-08-02 01:52:05","Laurie Lawrence"
"2005-08-01 02:58:27","2005-08-01 21:55:27","Diane Collins"
"2005-08-01 03:09:26","2005-08-02 00:01:26","Debra Nelson"
"2005-08-01 03:42:40","2005-08-01 23:36:40","Patrick Newsom"
"2005-08-01 04:04:37","2005-08-01 23:59:37","Byron Box"
"2005-08-01 04:12:08","2005-08-01 22:12:08","Clara Shaw"
"2005-08-01 04:56:10","2005-08-01 23:22:10","Anne Powell"
"2005-08-01 05:15:47","2005-08-02 04:48:47","Margie Wade"
"2005-08-01 06:36:45","2005-08-02 06:06:45","Glenda Frazier"
"2005-08-01 06:39:14","2005-08-02 03:06:14","Brandon Huey"
"2005-08-01 07:27:09","2005-08-02 01:38:09","Bob Pfeiffer"
"2005-08-01 07:37:05","2005-08-02 06:11:05","Clarence Gamez"
"2005-08-01 07:38:07","2005-08-02 05:38:07","Peggy Myers"
"2005-08-01 08:10:36","2005-08-02 03:42:36","Jesus Mccartney"
"2005-08-01 10:42:28","2005-08-02 07:05:28","Raymond Mcwhorter"
"2005-08-01 11:23:27","2005-08-02 10:17:27","Joel Francisco"
"2005-08-01 11:52:32","2005-08-02 10:47:32","Rebecca Scott"
"2005-08-01 12:22:41","2005-08-02 10:31:41","Pamela Baker"
"2005-08-01 13:08:27","2005-08-02 10:30:27","Lorraine Stephens"
"2005-08-01 14:58:14","2005-08-02 13:38:14","Rebecca Scott"
"2005-08-01 15:27:10","2005-08-02 13:16:10","Elizabeth Brown"
"2005-08-01 15:37:48","2005-08-02 12:11:48","Terrance Roush"
"2005-08-01 17:00:27","2005-08-02 14:49:27","Jean Bell"
"2005-08-01 17:30:35","2005-08-02 14:48:35","Sherry Marshall"
"2005-08-01 21:44:24","2005-08-02 19:48:24","Gwendolyn May"
"2005-08-01 22:53:40","2005-08-02 17:59:40","Annie Russell"
"2005-08-01 22:54:28","2005-08-02 17:19:28","Douglas Graf"
"2005-08-01 23:37:39","2005-08-02 20:18:39","Maurice Crawley"
"2005-08-02 00:02:06","2005-08-02 21:55:06","Gerald Fultz"
"2005-08-02 00:27:12","2005-08-02 20:00:12","Anna Hill"
"2005-08-02 00:47:19","2005-08-03 00:02:19","Robert Baughman"
"2005-08-02 01:51:48","2005-08-02 19:53:48","Ian Still"
"2005-08-02 02:10:56","2005-08-02 21:23:56","Patricia Johnson"
"2005-08-02 03:17:29","2005-08-03 00:50:29","Howard Fortner"
"2005-08-02 03:48:17","2005-08-02 22:15:17","Kathleen Adams"
"2005-08-02 07:13:03","2005-08-03 05:46:03","Claudia Fuller"
"2005-08-02 08:17:38","2005-08-03 07:54:38","Becky Miles"
"2005-08-02 09:55:28","2005-08-03 06:00:28","Beverly Brooks"
"2005-08-02 11:12:08","2005-08-03 10:46:08","Jonathan Scarborough"
"2005-08-02 11:42:23","2005-08-03 08:29:23","Samantha Duncan"
"2005-08-02 11:45:07","2005-08-03 09:07:07","Thelma Murray"
"2005-08-02 12:16:48","2005-08-03 10:40:48","Courtney Day"
"2005-08-02 13:13:21","2005-08-03 07:17:21","Elaine Stevens"
"2005-08-02 13:33:56","2005-08-03 08:52:56","Guy Brownlee"
"2005-08-02 13:35:34","2005-08-03 10:37:34","Mark Rinehart"
"2005-08-02 13:44:30","2005-08-03 12:00:30","Dave Gardiner"
"2005-08-02 14:18:07","2005-08-03 08:20:07","Jeff East"
"2005-08-02 16:02:51","2005-08-03 14:54:51","Chad Carbone"
"2005-08-02 17:46:34","2005-08-03 15:21:34","Kurt Emmons"
"2005-08-02 17:53:36","2005-08-03 14:16:36","Marie Turner"
"2005-08-02 18:16:52","2005-08-03 14:25:52","Melanie Armstrong"
"2005-08-02 19:58:48","2005-08-03 19:30:48","Chad Carbone"
"2005-08-02 20:33:37","2005-08-03 18:22:37","Harold Martino"
"2005-08-16 23:54:47","2005-08-17 20:05:47","Ruby Washington"
"2005-08-16 23:59:49","2005-08-17 22:51:49","Dale Ratcliff"
"2005-08-17 01:37:51","2005-08-17 20:30:51","Ramona Hale"
"2005-08-17 01:50:26","2005-08-18 00:43:26","Ronald Weiner"
"2005-08-17 04:00:40","2005-08-18 00:36:40","Gary Coy"
"2005-08-17 04:06:22","2005-08-17 23:53:22","Brett Cornwell"
"2005-08-17 04:17:42","2005-08-18 02:46:42","Cory Meehan"
"2005-08-17 04:36:39","2005-08-18 02:17:39","Felicia Sutton"
"2005-08-17 04:48:05","2005-08-18 01:53:05","Deborah Walker"
"2005-08-17 05:06:19","2005-08-18 04:32:19","Vera Mccoy"
"2005-08-17 05:35:52","2005-08-18 02:40:52","Don Bone"
"2005-08-17 06:13:40","2005-08-18 06:11:40","Jesse Schilling"
"2005-08-17 07:12:31","2005-08-18 04:21:31","Rita Graham"
"2005-08-17 07:22:25","2005-08-18 06:42:25","Ricardo Meador"
"2005-08-17 07:34:55","2005-08-18 04:07:55","Megan Palmer"
"2005-08-17 07:49:17","2005-08-18 04:08:17","Catherine Campbell"
"2005-08-17 08:12:26","2005-08-18 03:26:26","Marcus Hidalgo"
"2005-08-17 09:10:55","2005-08-18 06:22:55","Herman Devore"
"2005-08-17 11:17:21","2005-08-18 09:14:21","Kelly Knott"
"2005-08-17 11:59:18","2005-08-18 09:13:18","Charlotte Hunter"
"2005-08-17 12:27:55","2005-08-18 07:07:55","Sharon Robinson"
"2005-08-17 12:32:39","2005-08-18 12:30:39","Hilda Hopkins"
"2005-08-17 13:16:04","2005-08-18 10:16:04","Harry Arce"
"2005-08-17 13:16:38","2005-08-18 11:21:38","Rose Howard"
"2005-08-17 15:15:07","2005-08-18 11:00:07","Marcia Dean"
"2005-08-17 16:21:47","2005-08-18 14:26:47","Theresa Watson"
"2005-08-17 16:56:28","2005-08-18 15:09:28","Cathy Spencer"
"2005-08-17 17:24:30","2005-08-18 14:28:30","Sara Perry"
"2005-08-17 17:53:42","2005-08-18 12:11:42","Monica Hicks"
"2005-08-17 18:21:58","2005-08-18 13:05:58","Albert Crouse"
"2005-08-17 19:16:18","2005-08-18 14:24:18","Wallace Slone"
"2005-08-17 19:52:45","2005-08-18 18:26:45","Derek Blakely"
"2005-08-17 20:19:06","2005-08-18 19:57:06","Anne Powell"
"2005-08-17 21:02:19","2005-08-18 15:24:19","Virginia Green"
"2005-08-17 22:28:15","2005-08-18 16:46:15","Martha Gonzalez"
"2005-08-17 22:35:24","2005-08-18 20:31:24","Timothy Bunn"
"2005-08-17 22:38:54","2005-08-18 21:29:54","Vanessa Sims"
"2005-08-18 00:14:03","2005-08-18 23:52:03","Barbara Jones"
"2005-08-18 00:24:30","2005-08-18 19:12:30","Kenneth Gooden"
"2005-08-18 01:03:52","2005-08-18 20:19:52","Javier Elrod"
"2005-08-18 01:21:21","2005-08-19 00:59:21","Delores Hansen"
"2005-08-18 01:51:43","2005-08-18 22:23:43","Ronnie Ricketts"
"2005-08-18 02:12:33","2005-08-18 20:47:33","Julie Sanchez"
"2005-08-18 02:37:07","2005-08-19 02:09:07","Monica Hicks"
"2005-08-18 03:59:02","2005-08-19 02:38:02","Brandy Graves"
"2005-08-18 04:14:35","2005-08-18 22:30:35","Frederick Isbell"
"2005-08-18 04:57:59","2005-08-18 23:20:59","Rebecca Scott"
"2005-08-18 07:05:06","2005-08-19 02:27:06","Wayne Truong"
"2005-08-18 07:18:10","2005-08-19 05:49:10","Alex Gresham"
"2005-08-18 07:23:42","2005-08-19 04:25:42","Julio Noland"
"2005-08-18 07:44:05","2005-08-19 02:26:05","Cynthia Young"
"2005-08-18 07:55:09","2005-08-19 05:29:09","Sara Perry"
"2005-08-18 08:02:46","2005-08-19 02:50:46","Jim Rea"
"2005-08-18 08:26:13","2005-08-19 07:21:13","Nora Herrera"
"2005-08-18 09:40:38","2005-08-19 04:45:38","Leslie Gordon"
"2005-08-18 09:57:00","2005-08-19 08:56:00","Kathy James"
"2005-08-18 10:37:49","2005-08-19 08:00:49","Hugh Waldrop"
"2005-08-18 11:03:04","2005-08-19 07:34:04","Miriam Mckinney"
"2005-08-18 13:05:37","2005-08-19 07:41:37","Carolyn Perez"
"2005-08-18 13:16:46","2005-08-19 10:24:46","Carlos Coughlin"
"2005-08-18 13:48:43","2005-08-19 10:05:43","Teresa Rogers"
"2005-08-18 14:40:38","2005-08-19 13:33:38","Hazel Warren"
"2005-08-18 14:51:03","2005-08-19 13:30:03","Benjamin Varney"
"2005-08-18 15:12:17","2005-08-19 12:26:17","Stacey Montgomery"
"2005-08-18 16:27:08","2005-08-19 14:53:08","Velma Lucas"
"2005-08-18 17:24:02","2005-08-19 15:22:02","Edith Mcdonald"
"2005-08-18 17:37:11","2005-08-19 14:59:11","Danielle Daniels"
"2005-08-18 18:06:53","2005-08-19 17:36:53","Lucille Holmes"
"2005-08-18 19:10:52","2005-08-19 15:46:52","Aaron Selby"
"2005-08-18 19:16:47","2005-08-19 16:31:47","Betty White"
"2005-08-18 19:51:27","2005-08-19 15:56:27","Alma Austin"
"2005-08-18 20:13:08","2005-08-19 18:02:08","Jeremy Hurtado"
"2005-08-18 21:57:50","2005-08-19 18:28:50","Javier Elrod"
"2005-08-18 23:26:11","2005-08-19 20:31:11","Lloyd Dowd"
"2005-08-18 23:40:23","2005-08-19 18:14:23","Kristina Chambers"
"2005-08-19 00:22:24","2005-08-19 22:53:24","Harry Arce"
"2005-08-19 00:54:22","2005-08-19 21:17:22","Reginald Kinder"
"2005-08-19 01:23:58","2005-08-20 00:19:58","Jeffrey Spear"
"2005-08-19 01:58:54","2005-08-20 00:20:54","Marjorie Tucker"
"2005-08-19 02:12:40","2005-08-19 23:42:40","Christy Vargas"
"2005-08-19 02:18:58","2005-08-19 20:50:58","Glenda Frazier"
"2005-08-19 02:47:19","2005-08-20 00:30:19","Clayton Barbee"
"2005-08-19 03:12:19","2005-08-20 02:24:19","Gerald Fultz"
"2005-08-19 03:42:08","2005-08-19 23:08:08","Danielle Daniels"
"2005-08-19 04:27:11","2005-08-20 03:04:11","Alicia Mills"
"2005-08-19 06:00:52","2005-08-20 02:17:52","Allison Stanley"
"2005-08-19 06:19:21","2005-08-20 02:21:21","Dave Gardiner"
"2005-08-19 07:11:44","2005-08-20 04:17:44","Emma Boyd"
"2005-08-19 07:26:10","2005-08-20 07:02:10","Leslie Seward"
"2005-08-19 08:41:29","2005-08-20 07:36:29","Jesse Schilling"
"2005-08-19 08:55:19","2005-08-20 07:39:19","Wayne Truong"
"2005-08-19 10:19:06","2005-08-20 05:49:06","Beatrice Arnold"
"2005-08-19 11:27:43","2005-08-20 10:58:43","Sara Perry"
"2005-08-19 12:14:14","2005-08-20 11:52:14","Vivian Ruiz"
"2005-08-19 13:08:23","2005-08-20 12:38:23","Sandra Martin"
"2005-08-19 13:12:28","2005-08-20 10:41:28","Terrance Roush"
"2005-08-19 14:00:38","2005-08-20 09:56:38","Jason Morrissey"
"2005-08-19 14:16:18","2005-08-20 08:44:18","Philip Causey"
"2005-08-19 14:22:30","2005-08-20 10:13:30","Yvonne Watkins"
"2005-08-19 16:22:14","2005-08-20 13:24:14","Dana Hart"
"2005-08-19 16:47:41","2005-08-20 13:30:41","Howard Fortner"
"2005-08-19 16:48:37","2005-08-20 16:33:37","Carmen Owens"
"2005-08-19 16:53:56","2005-08-20 11:38:56","Danny Isom"
"2005-08-19 17:29:00","2005-08-20 12:59:00","George Linton"
"2005-08-19 17:34:00","2005-08-20 15:17:00","Derek Blakely"
"2005-08-19 17:50:03","2005-08-20 14:39:03","Kay Caldwell"
"2005-08-19 18:18:44","2005-08-20 12:33:44","Renee Lane"
"2005-08-19 18:31:30","2005-08-20 13:43:30","Gilbert Sledge"
"2005-08-19 18:32:11","2005-08-20 18:22:11","Lydia Burke"
"2005-08-19 18:36:35","2005-08-20 13:57:35","Christian Jung"
"2005-08-19 19:52:52","2005-08-20 18:56:52","Morris Mccarter"
"2005-08-19 19:59:21","2005-08-20 15:34:21","Sherri Rhodes"
"2005-08-19 20:06:57","2005-08-20 16:31:57","Jeremy Hurtado"
"2005-08-19 20:43:16","2005-08-20 16:21:16","Claudia Fuller"
"2005-08-19 21:07:54","2005-08-20 17:29:54","Jaime Nettles"
"2005-08-20 00:56:44","2005-08-20 20:16:44","Louis Leone"
"2005-08-20 01:05:05","2005-08-20 20:22:05","Nicole Peterson"
"2005-08-20 04:12:41","2005-08-21 02:33:41","Sarah Lewis"
"2005-08-20 05:10:39","2005-08-21 02:21:39","Hugh Waldrop"
"2005-08-20 06:08:42","2005-08-21 01:59:42","Rick Mattox"
"2005-08-20 07:50:08","2005-08-21 07:11:08","Mabel Holland"
"2005-08-20 09:07:52","2005-08-21 05:17:52","Rose Howard"
"2005-08-20 09:16:15","2005-08-21 03:33:15","Terri Vasquez"
"2005-08-20 09:35:20","2005-08-21 05:29:20","Andrew Purdy"
"2005-08-20 09:38:04","2005-08-21 06:10:04","Virgil Wofford"
"2005-08-20 11:39:00","2005-08-21 06:05:00","Willie Howell"
"2005-08-20 12:11:46","2005-08-21 06:39:46","Calvin Martel"
"2005-08-20 12:53:46","2005-08-21 10:36:46","Peter Menard"
"2005-08-20 15:13:11","2005-08-21 13:11:11","Louise Jenkins"
"2005-08-20 15:28:53","2005-08-21 13:11:53","Alberto Henning"
"2005-08-20 16:16:03","2005-08-21 13:29:03","Wanda Patterson"
"2005-08-20 16:47:32","2005-08-21 12:00:32","Caroline Bowman"
"2005-08-20 17:12:28","2005-08-21 13:33:28","Viola Hanson"
"2005-08-20 17:15:06","2005-08-21 14:29:06","Jean Bell"
"2005-08-20 18:16:34","2005-08-21 16:14:34","Carrie Porter"
"2005-08-20 19:04:40","2005-08-21 18:36:40","Clarence Gamez"
"2005-08-20 20:21:36","2005-08-21 15:26:36","Holly Fox"
"2005-08-20 21:46:43","2005-08-21 18:27:43","Kirk Stclair"
"2005-08-20 22:17:01","2005-08-21 21:34:01","Diane Collins"
"2005-08-21 00:37:44","2005-08-21 22:55:44","Marion Snyder"
"2005-08-21 00:52:45","2005-08-21 19:35:45","Lydia Burke"
"2005-08-21 00:52:58","2005-08-22 00:09:58","Stacy Cunningham"
"2005-08-21 01:35:58","2005-08-21 21:23:58","Andrea Henderson"
"2005-08-21 02:17:49","2005-08-22 00:12:49","Claude Herzog"
"2005-08-21 02:56:52","2005-08-21 21:03:52","Rosemary Schmidt"
"2005-08-21 03:01:01","2005-08-22 02:40:01","Alicia Mills"
"2005-08-21 03:13:45","2005-08-22 01:50:45","Jared Ely"
"2005-08-21 04:09:18","2005-08-22 03:29:18","James Gannon"
"2005-08-21 05:18:57","2005-08-22 00:12:57","Jeffery Pinson"
"2005-08-21 06:00:22","2005-08-22 05:38:22","Marshall Thorn"
"2005-08-21 07:06:20","2005-08-22 01:39:20","Vickie Brewer"
"2005-08-21 07:06:47","2005-08-22 05:07:47","Benjamin Varney"
"2005-08-21 07:07:26","2005-08-22 02:20:26","Jon Wiles"
"2005-08-21 07:09:27","2005-08-22 01:27:27","Joshua Mark"
"2005-08-21 08:04:40","2005-08-22 02:09:40","Beth Franklin"
"2005-08-21 09:13:09","2005-08-22 05:41:09","Lillie Kim"
"2005-08-21 10:24:54","2005-08-22 04:49:54","Jonathan Scarborough"
"2005-08-21 14:09:47","2005-08-22 11:10:47","Maxine Silva"
"2005-08-21 14:59:29","2005-08-22 11:48:29","Mike Way"
"2005-08-21 16:30:48","2005-08-22 13:49:48","Andy Vanhorn"
"2005-08-21 17:56:50","2005-08-22 17:44:50","Travis Estep"
"2005-08-21 18:10:43","2005-08-22 15:19:43","Lori Wood"
"2005-08-21 19:01:36","2005-08-22 15:09:36","Natalie Meyer"
"2005-08-21 19:19:21","2005-08-22 17:23:21","Christine Roberts"
"2005-08-21 19:37:10","2005-08-22 15:43:10","Terry Carlson"
"2005-08-21 19:59:30","2005-08-22 19:39:30","Heather Morris"
"2005-08-21 20:33:00","2005-08-22 18:10:00","Darrell Power"
"2005-08-21 21:01:19","2005-08-22 15:13:19","Angela Hernandez"
"2005-08-21 21:04:42","2005-08-22 19:55:42","Tracy Herrmann"
"2005-08-21 22:08:52","2005-08-22 18:28:52","Natalie Meyer"
"2005-08-21 22:33:22","2005-08-22 19:45:22","Maureen Little"
"2005-08-21 23:11:43","2005-08-22 22:25:43","Gail Knight"
"2005-08-21 23:53:07","2005-08-22 18:07:07","Bryan Hardison"
"2005-08-22 00:06:33","2005-08-22 22:02:33","Rick Mattox"
"2005-08-22 00:49:10","2005-08-22 23:44:10","Billie Horton"
"2005-08-22 01:24:42","2005-08-22 19:45:42","Angel Barclay"
"2005-08-22 01:52:26","2005-08-22 23:39:26","Jeff East"
"2005-08-22 02:57:06","2005-08-22 22:19:06","Leon Bostic"
"2005-08-22 03:59:01","2005-08-23 01:22:01","Carlos Coughlin"
"2005-08-22 05:08:58","2005-08-23 02:51:58","Connie Wallace"
"2005-08-22 06:46:03","2005-08-23 01:02:03","Kelly Torres"
"2005-08-22 07:37:24","2005-08-23 04:22:24","Billie Horton"
"2005-08-22 09:36:00","2005-08-23 08:12:00","Tracey Barrett"
"2005-08-22 10:07:52","2005-08-23 04:45:52","Sally Pierce"
"2005-08-22 10:49:06","2005-08-23 10:25:06","Darryl Ashcraft"
"2005-08-22 11:17:59","2005-08-23 09:23:59","Becky Miles"
"2005-08-22 11:39:03","2005-08-23 06:16:03","Mildred Bailey"
"2005-08-22 12:05:02","2005-08-23 11:09:02","Randy Gaither"
"2005-08-22 16:26:53","2005-08-23 13:49:53","Jeremy Hurtado"
"2005-08-22 16:35:25","2005-08-23 14:06:25","Leroy Bustamante"
"2005-08-22 17:30:25","2005-08-23 14:13:25","Ashley Richardson"
"2005-08-22 17:46:41","2005-08-23 15:08:41","Lisa Anderson"
"2005-08-22 18:37:24","2005-08-23 17:34:24","Sheila Wells"
"2005-08-22 19:42:57","2005-08-23 15:29:57","Bobby Boudreau"
"2005-08-22 20:27:38","2005-08-23 15:24:38","Denise Kelly"
"2005-08-22 20:32:39","2005-08-23 17:15:39","Roland South"
"2005-08-22 21:13:51","2005-08-23 20:55:51","Sergio Stanfield"
"2005-08-22 21:15:46","2005-08-23 17:38:46","Michele Grant"
"2005-08-22 21:39:45","2005-08-23 17:32:45","Russell Brinson"
"2005-08-22 21:41:40","2005-08-23 21:40:40","Corey Hauser"
"2005-08-22 21:59:51","2005-08-23 17:01:51","Priscilla Lowe"
"2005-08-22 23:18:10","2005-08-23 18:08:10","Virgil Wofford"
"2005-08-22 23:38:01","2005-08-23 19:27:01","Derrick Bourque"
"2005-08-23 00:20:31","2005-08-23 20:22:31","Heidi Larson"
"2005-08-23 00:56:27","2005-08-24 00:15:27","Franklin Troutman"
"2005-08-23 01:39:10","2005-08-23 21:46:10","Melanie Armstrong"
"2005-08-23 01:44:43","2005-08-23 23:53:43","Wallace Slone"
"2005-08-23 02:08:40","2005-08-23 20:23:40","Cynthia Young"
"2005-08-23 02:33:27","2005-08-23 22:30:27","Louise Jenkins"
"2005-08-23 02:37:19","2005-08-23 20:57:19","Shane Millard"
"2005-08-23 03:03:40","2005-08-24 01:06:40","Brandon Huey"
"2005-08-23 03:19:34","2005-08-24 02:55:34","Curtis Irby"
"2005-08-23 03:46:47","2005-08-24 00:59:47","Ruth Martinez"
"2005-08-23 03:55:54","2005-08-24 03:54:54","Erica Matthews"
"2005-08-23 04:00:30","2005-08-24 01:45:30","Rhonda Kennedy"
"2005-08-23 04:51:52","2005-08-24 01:01:52","Ryan Salisbury"
"2005-08-23 05:08:58","2005-08-24 04:24:58","Steve Mackenzie"
"2005-08-23 06:33:26","2005-08-24 04:10:26","Daryl Larue"
"2005-08-23 07:30:23","2005-08-24 07:23:23","Phyllis Foster"
"2005-08-23 08:04:40","2005-08-24 06:38:40","Patsy Davidson"
"2005-08-23 08:38:58","2005-08-24 04:08:58","Raymond Mcwhorter"
"2005-08-23 08:52:50","2005-08-24 08:08:50","Melinda Fernandez"
"2005-08-23 09:02:03","2005-08-24 05:47:03","Beverly Brooks"
"2005-08-23 10:00:02","2005-08-24 05:25:02","Angel Barclay"
"2005-08-23 10:04:36","2005-08-24 05:00:36","Russell Brinson"
"2005-08-23 10:32:52","2005-08-24 07:03:52","Charlene Alvarez"
"2005-08-23 11:28:49","2005-08-24 06:24:49","Jeffery Pinson"
"2005-08-23 11:33:25","2005-08-24 07:19:25","Kim Cruz"
"2005-08-23 12:10:54","2005-08-24 10:08:54","Ellen Simpson"
"2005-08-23 12:33:41","2005-08-24 10:52:41","Isaac Oglesby"
"2005-08-23 14:55:47","2005-08-24 12:37:47","Marcus Hidalgo"
"2005-08-23 15:05:59","2005-08-24 11:13:59","Lester Kraus"
"2005-08-23 15:15:19","2005-08-24 10:50:19","Arthur Simpkins"
"2005-08-23 15:39:38","2005-08-24 11:46:38","Cathy Spencer"
"2005-08-23 16:58:12","2005-08-24 12:23:12","Wanda Patterson"
"2005-08-23 17:49:26","2005-08-24 12:20:26","Felix Gaffney"
"2005-08-23 18:01:31","2005-08-24 16:27:31","Gilbert Sledge"
"2005-08-23 18:23:11","2005-08-24 15:09:11","Tony Carranza"
"2005-08-23 18:31:40","2005-08-24 16:30:40","Leonard Schofield"
"2005-08-23 19:27:04","2005-08-24 15:24:04","Glenn Pullen"
"2005-08-23 19:51:29","2005-08-24 15:07:29","Marsha Douglas"
"2005-08-23 19:54:24","2005-08-24 18:07:24","Johnny Turpin"
"2005-08-23 20:10:13","2005-08-24 17:44:13","Alma Austin"
"2005-08-23 21:25:03","2005-08-24 20:05:03","Diane Collins"
"2005-08-23 21:45:02","2005-08-24 21:28:02","Sheila Wells"
"2005-08-23 22:20:40","2005-08-24 17:54:40","Monica Hicks"
